name,email,year,month,day
Great,greatbb08@gmail.com,1961,4,5
Green,greenup.4546@gmail.com,1956,4,1
Jermiah,jermiah.ube@gmail.com,1991,3,5
Bourne,bournegil6@gmail.com,2001,4,5
Rijoul,rijoul1702@gmail.com,1985,6,29
Channi Reddy,channireddy69@gmail.com,2012,3,15
Jeevan,jeevan.17jain@gmail.com,2017,7,9